CustomerID,Cancel_Count,Cancel_Amount,Avg_Cancel_Value,Cancel_Quantity
17334.0,1,-0.42,-0.42,1
15903.0,1,-0.42,-0.42,1
16566.0,1,-0.65,-0.65,1
12421.0,1,-0.77,-0.77,1
17164.0,1,-0.95,-0.95,1
16473.0,1,-1.25,-1.25,1
17521.0,1,-1.25,-1.25,1
16995.0,1,-1.25,-1.25,1
12665.0,1,-1.25,-1.25,1
12933.0,1,-1.25,-1.25,1
18282.0,1,-1.45,-1.45,5
15287.0,1,-1.45,-1.45,1
13743.0,1,-1.45,-1.45,1
16356.0,1,-1.45,-1.45,1
13028.0,1,-1.6400000000000001,-0.8200000000000001,2
18125.0,1,-1.65,-1.65,1
15117.0,1,-1.65,-1.65,1
14420.0,1,-1.65,-1.65,1
15719.0,1,-1.65,-1.65,1
18158.0,1,-1.65,-1.65,1
14860.0,1,-1.7,-1.7,2
14859.0,1,-1.7,-1.7,2
14477.0,1,-1.79,-1.79,1
15079.0,1,-1.95,-1.95,1
16809.0,1,-1.95,-1.95,1
12379.0,1,-1.95,-1.95,1
14000.0,1,-1.9500000000000002,-1.9500000000000002,3
12452.0,1,-2.0,-2.0,2
13549.0,1,-2.08,-2.08,1
12375.0,1,-2.08,-2.08,1
14655.0,1,-2.08,-2.08,1
18263.0,1,-2.08,-2.08,1
16086.0,1,-2.08,-2.08,1
13741.0,1,-2.1,-2.1,1
17090.0,1,-2.1,-2.1,1
14934.0,1,-2.1,-2.1,1
14713.0,1,-2.1,-1.05,2
13421.0,1,-2.1,-2.1,1
17053.0,1,-2.1,-2.1,1
17080.0,1,-2.12,-2.12,2
13213.0,1,-2.15,-1.075,3
15208.0,1,-2.5,-2.5,2
15497.0,1,-2.5,-2.5,2
13166.0,1,-2.5,-2.5,2
17054.0,1,-2.5,-2.5,2
15584.0,1,-2.5,-1.25,2
18092.0,1,-2.5,-2.5,2
16985.0,1,-2.5,-2.5,2
18188.0,1,-2.55,-2.55,1
17239.0,1,-2.55,-2.55,1
14679.0,1,-2.55,-2.55,1
16358.0,1,-2.55,-2.55,1
13771.0,1,-2.75,-2.75,1
12590.0,1,-2.88,-1.44,4
14587.0,1,-2.9,-2.9,2
14176.0,1,-2.9,-2.9,2
15253.0,1,-2.9,-1.45,2
15754.0,1,-2.9,-2.9,2
16428.0,1,-2.95,-2.95,1
13141.0,1,-2.95,-2.95,1
18044.0,1,-2.95,-2.95,1
18053.0,1,-2.95,-2.95,1
18084.0,1,-2.95,-2.95,1
13684.0,1,-3.0,-3.0,1
14739.0,1,-3.18,-3.18,3
17381.0,1,-3.18,-3.18,3
16837.0,1,-3.25,-3.25,1
17531.0,1,-3.25,-3.25,1
16184.0,1,-3.25,-3.25,1
13295.0,1,-3.25,-3.25,1
15449.0,2,-3.3,-1.65,2
15213.0,1,-3.3,-3.3,2
16746.0,1,-3.3499999999999996,-1.1166666666666665,3
16518.0,1,-3.4,-1.7,2
15048.0,1,-3.4799999999999995,-3.4799999999999995,12
14869.0,1,-3.75,-3.75,1
16842.0,1,-3.75,-3.75,1
14108.0,1,-3.75,-3.75,1
12924.0,1,-3.75,-3.75,1
13145.0,1,-3.75,-3.75,3
12943.0,1,-3.75,-3.75,1
15312.0,1,-3.75,-3.75,3
15091.0,1,-3.75,-3.75,3
16203.0,1,-3.75,-3.75,1
17062.0,1,-3.9,-3.9,2
17866.0,1,-3.95,-3.95,1
16669.0,1,-4.0,-4.0,5
15940.0,1,-4.0,-4.0,1
17272.0,1,-4.1,-2.05,2
14916.0,1,-4.14,-2.07,4
14232.0,3,-4.14,-1.38,4
17159.0,1,-4.15,-4.15,1
14214.0,2,-4.15,-1.3833333333333335,3
15544.0,2,-4.199999999999999,-2.0999999999999996,4
15898.0,1,-4.2,-4.2,2
16211.0,1,-4.25,-4.25,1
15140.0,1,-4.25,-4.25,5
15594.0,1,-4.25,-4.25,1
12380.0,1,-4.25,-4.25,1
12935.0,1,-4.25,-4.25,1
16638.0,1,-4.25,-4.25,1
15136.0,1,-4.25,-4.25,1
14937.0,1,-4.25,-4.25,1
14111.0,1,-4.25,-4.25,1
13632.0,1,-4.25,-4.25,1
16598.0,1,-4.35,-4.35,3
15205.0,1,-4.41,-4.41,1
17676.0,1,-4.41,-4.41,1
17172.0,1,-4.5,-4.5,1
12505.0,1,-4.5,-4.5,1
15628.0,1,-4.6,-2.3,12
18142.0,2,-4.62,-1.54,3
16170.0,1,-4.63,-2.315,4
15289.0,1,-4.68,-4.68,12
17519.0,1,-4.949999999999999,-4.949999999999999,3
12952.0,1,-4.95,-4.95,1
18164.0,1,-4.95,-4.95,1
12809.0,1,-4.95,-4.95,1
15826.0,1,-4.95,-4.95,1
13397.0,1,-4.95,-4.95,1
12566.0,1,-4.95,-4.95,1
13018.0,1,-4.95,-4.95,1
18097.0,1,-4.95,-4.95,1
17512.0,1,-4.95,-4.95,1
13895.0,1,-4.95,-4.95,1
14883.0,1,-4.95,-4.95,1
14221.0,1,-4.95,-4.95,1
17870.0,1,-4.95,-4.95,1
14177.0,1,-4.95,-4.95,1
16242.0,1,-4.95,-4.95,1
14210.0,1,-4.95,-4.95,1
16470.0,1,-4.95,-4.95,1
16633.0,1,-4.95,-4.95,1
13952.0,1,-4.9799999999999995,-4.9799999999999995,6
14676.0,2,-5.0,-2.5,2
15598.0,2,-5.0,-2.5,4
16628.0,1,-5.01,-2.505,3
14060.0,1,-5.04,-5.04,12
13284.0,1,-5.04,-5.04,12
13473.0,1,-5.1,-5.1,6
16143.0,1,-5.1,-5.1,2
18009.0,1,-5.1,-5.1,2
13224.0,1,-5.1,-5.1,6
14997.0,1,-5.22,-5.22,18
13362.0,1,-5.25,-1.75,3
17739.0,1,-5.300000000000001,-5.300000000000001,5
17480.0,1,-5.3100000000000005,-2.6550000000000002,2
13991.0,1,-5.34,-2.67,2
12652.0,1,-5.45,-1.8166666666666667,3
12481.0,1,-5.46,-5.46,14
12468.0,1,-5.5,-2.75,2
13506.0,1,-5.7,-1.9000000000000001,3
13375.0,1,-5.75,-5.75,1
15998.0,1,-5.8,-1.9333333333333333,4
13590.0,1,-5.800000000000001,-2.9000000000000004,2
14105.0,1,-5.9,-2.95,2
13860.0,1,-5.9,-5.9,2
14567.0,1,-5.9,-5.9,2
18189.0,1,-5.9,-5.9,2
12930.0,2,-5.9,-2.95,2
15398.0,1,-5.9,-5.9,2
15922.0,1,-5.9,-5.9,2
18161.0,1,-5.9,-5.9,2
14038.0,1,-5.9,-5.9,2
14132.0,1,-5.9,-5.9,2
16227.0,1,-5.9,-5.9,2
15095.0,1,-5.9,-2.95,2
15275.0,1,-5.95,-5.95,1
15724.0,1,-5.95,-5.95,1
17002.0,1,-5.95,-5.95,1
16838.0,1,-5.95,-5.95,1
16271.0,1,-5.95,-5.95,1
15630.0,1,-5.95,-5.95,1
16725.0,1,-5.95,-5.95,1
14792.0,1,-6.2,-3.1,2
13863.0,1,-6.22,-3.11,5
12785.0,1,-6.24,-6.24,3
17481.0,1,-6.25,-6.25,1
13722.0,1,-6.25,-6.25,1
16654.0,1,-6.3,-3.15,2
14901.0,1,-6.3,-3.15,2
13884.0,1,-6.300000000000001,-6.300000000000001,3
14209.0,1,-6.300000000000001,-6.300000000000001,3
18108.0,1,-6.35,-3.175,2
18250.0,1,-6.35,-6.35,1
13510.0,1,-6.4,-3.2,4
16966.0,3,-6.5,-2.1666666666666665,3
16774.0,1,-6.6,-6.6,4
13300.0,1,-6.6,-3.3,2
13931.0,1,-6.6,-6.6,4
12826.0,1,-6.6,-2.1999999999999997,4
16488.0,1,-6.6,-3.3,4
15384.0,1,-6.65,-3.325,3
15669.0,1,-6.65,-3.325,3
13755.0,1,-6.67,-6.67,23
17649.0,1,-6.75,-6.75,1
17747.0,1,-6.75,-6.75,1
17673.0,1,-6.9,-6.9,2
15297.0,1,-6.9,-3.45,2
14290.0,1,-7.2,-3.6,2
14857.0,1,-7.47,-7.47,9
12601.0,1,-7.5,-7.5,1
18220.0,1,-7.5,-3.75,6
13636.0,1,-7.5,-7.5,6
12605.0,1,-7.5,-2.5,4
15101.0,1,-7.5,-7.5,2
13212.0,1,-7.5,-7.5,1
17692.0,1,-7.5,-7.5,6
13151.0,1,-7.5,-7.5,2
13107.0,1,-7.550000000000001,-3.7750000000000004,5
16232.0,1,-7.6499999999999995,-7.6499999999999995,3
12839.0,2,-7.8,-3.9,3
13647.0,1,-7.9,-7.9,1
13736.0,1,-7.9,-2.6333333333333333,4
13873.0,1,-7.9,-7.9,2
15380.0,1,-7.9,-7.9,2
14483.0,1,-7.9,-7.9,2
17506.0,1,-7.91,-3.955,3
16138.0,1,-7.95,-7.95,1
15363.0,1,-7.95,-7.95,1
17648.0,1,-7.95,-7.95,1
14696.0,2,-7.98,-2.66,4
16998.0,2,-7.98,-3.99,3
14301.0,1,-8.1,-2.6999999999999997,6
15308.0,1,-8.2,-4.1,2
17162.0,1,-8.25,-8.25,1
15791.0,1,-8.25,-8.25,1
17289.0,1,-8.25,-8.25,1
13462.0,1,-8.25,-8.25,1
17609.0,1,-8.3,-8.3,2
12465.0,1,-8.3,-2.075,4
13359.0,1,-8.3,-8.3,2
18221.0,1,-8.3,-8.3,2
14837.0,1,-8.3,-4.15,6
15752.0,1,-8.45,-8.45,5
17929.0,1,-8.5,-8.5,1
16611.0,1,-8.5,-8.5,1
16642.0,1,-8.5,-8.5,1
16814.0,1,-8.5,-8.5,1
17540.0,1,-8.5,-8.5,1
13745.0,1,-8.5,-8.5,10
15108.0,1,-8.5,-8.5,2
13850.0,1,-8.67,-8.67,3
13352.0,1,-8.7,-2.9,6
17579.0,1,-8.7,-4.35,2
14412.0,1,-8.7,-4.35,2
13255.0,1,-8.850000000000001,-8.850000000000001,3
15597.0,1,-8.850000000000001,-8.850000000000001,3
12576.0,1,-8.850000000000001,-8.850000000000001,3
12703.0,1,-8.850000000000001,-8.850000000000001,3
16235.0,1,-8.9,-4.45,2
14867.0,1,-8.95,-8.95,1
13168.0,1,-9.05,-4.525,2
16747.0,2,-9.1,-3.033333333333333,6
13139.0,1,-9.15,-2.2875,7
16212.0,1,-9.15,-4.575,3
15181.0,2,-9.2,-4.6,2
15491.0,1,-9.24,-9.24,22
16014.0,1,-9.25,-3.0833333333333335,4
17440.0,2,-9.32,-3.106666666666667,14
16376.0,1,-9.49,-3.1633333333333336,5
14692.0,1,-9.5,-9.5,10
17690.0,1,-9.5,-4.75,6
17730.0,2,-9.65,-4.825,9
14009.0,1,-9.680000000000001,-4.840000000000001,4
16330.0,1,-9.7,-4.85,2
15228.0,1,-9.75,-9.75,3
18059.0,1,-9.75,-4.875,5
14709.0,1,-9.9,-9.9,2
14306.0,1,-9.9,-4.95,2
15840.0,1,-9.9,-9.9,2
12670.0,1,-9.9,-4.95,6
16572.0,1,-9.9,-9.9,2
17010.0,1,-9.9,-9.9,2
15367.0,1,-9.9,-9.9,2
14854.0,1,-9.94,-2.485,10
18030.0,1,-9.95,-9.95,1
17988.0,1,-9.95,-9.95,1
13479.0,1,-9.95,-9.95,1
14950.0,1,-9.95,-9.95,1
17774.0,1,-9.95,-9.95,1
14474.0,1,-9.95,-9.95,1
16536.0,1,-9.95,-9.95,1
16520.0,1,-9.95,-9.95,1
18190.0,1,-9.95,-9.95,1
15713.0,1,-9.95,-9.95,1
15416.0,1,-9.95,-9.95,1
14719.0,1,-9.95,-9.95,1
14657.0,1,-9.95,-9.95,1
13466.0,1,-9.95,-9.95,1
14291.0,1,-9.95,-9.95,1
14667.0,2,-10.0,-3.3333333333333335,3
16332.0,1,-10.0,-10.0,8
17950.0,1,-10.08,-10.08,24
17438.0,1,-10.15,-5.075,3
13327.0,1,-10.2,-10.2,12
15808.0,1,-10.2,-5.1,2
14152.0,1,-10.2,-10.2,12
13995.0,1,-10.2,-10.2,12
12423.0,1,-10.2,-10.2,12
14959.0,1,-10.45,-5.225,3
16739.0,1,-10.45,-3.483333333333333,3
18232.0,1,-10.5,-3.5,3
15150.0,1,-10.5,-10.5,25
16503.0,1,-10.5,-5.25,2
12995.0,1,-10.6,-5.3,10
16255.0,2,-10.61,-2.6525,7
13982.0,1,-10.7,-2.675,4
18228.0,1,-10.7,-5.35,2
17284.0,1,-10.9,-5.45,2
17591.0,1,-10.95,-10.95,1
17173.0,1,-10.95,-10.95,1
17034.0,1,-10.950000000000001,-5.4750000000000005,4
16983.0,1,-11.049999999999999,-11.049999999999999,13
12528.0,2,-11.2,-3.733333333333333,6
14099.0,1,-11.2,-5.6,2
12383.0,1,-11.25,-11.25,3
12948.0,1,-11.25,-5.625,3
13832.0,1,-11.25,-11.25,3
13279.0,1,-11.45,-5.725,3
17746.0,1,-11.45,-5.725,3
14744.0,2,-11.45,-5.725,2
14073.0,1,-11.5,-11.5,2
14401.0,1,-11.5,-11.5,2
14295.0,1,-11.5,-5.75,2
15687.0,2,-11.6,-5.8,2
17085.0,1,-11.6,-5.8,2
15224.0,1,-11.6,-5.8,2
16173.0,1,-11.75,-3.9166666666666665,4
12852.0,1,-11.8,-3.9333333333333336,4
14215.0,1,-11.8,-11.8,4
13939.0,1,-11.8,-11.8,4
17547.0,1,-11.8,-5.9,4
14414.0,1,-11.850000000000001,-11.850000000000001,3
13345.0,1,-11.899999999999999,-5.949999999999999,2
15781.0,1,-11.9,-11.9,2
15059.0,2,-11.9,-5.95,2
15135.0,1,-11.9,-11.9,2
13519.0,1,-11.95,-11.95,1
17323.0,2,-12.08,-3.02,6
13499.0,2,-12.15,-4.05,7
16755.0,2,-12.2,-2.033333333333333,6
12410.0,1,-12.25,-6.125,2
16293.0,2,-12.25,-6.125,4
16992.0,1,-12.45,-6.225,3
13055.0,1,-12.450000000000001,-6.2250000000000005,3
14257.0,1,-12.450000000000001,-12.450000000000001,5
13815.0,1,-12.450000000000001,-12.450000000000001,3
17157.0,1,-12.450000000000001,-6.2250000000000005,3
16157.0,1,-12.450000000000001,-12.450000000000001,3
16341.0,2,-12.49,-1.7842857142857143,10
17007.0,1,-12.5,-12.5,10
15730.0,1,-12.5,-4.166666666666667,6
13381.0,1,-12.5,-12.5,2
15411.0,1,-12.5,-12.5,2
13914.0,1,-12.5,-12.5,1
12840.0,2,-12.5,-4.166666666666667,6
18276.0,2,-12.5,-6.25,2
15974.0,1,-12.600000000000001,-12.600000000000001,6
17646.0,1,-12.73,-4.243333333333333,3
14487.0,1,-12.75,-12.75,1
13704.0,1,-12.75,-12.75,3
13717.0,1,-12.75,-12.75,1
16048.0,1,-12.75,-12.75,1
14288.0,1,-12.75,-12.75,1
17904.0,1,-12.75,-12.75,1
16419.0,1,-12.75,-12.75,1
18065.0,1,-12.75,-12.75,3
14334.0,1,-12.75,-12.75,1
12929.0,1,-12.75,-12.75,1
14016.0,1,-12.75,-12.75,1
14853.0,1,-12.75,-12.75,1
14087.0,1,-12.75,-12.75,1
14001.0,1,-12.75,-12.75,3
17462.0,1,-12.75,-12.75,3
16843.0,1,-12.75,-12.75,5
14085.0,1,-12.75,-12.75,1
13598.0,1,-12.75,-12.75,1
17175.0,1,-12.75,-12.75,1
15939.0,1,-12.75,-12.75,3
18277.0,1,-12.75,-12.75,1
17429.0,1,-12.8,-4.266666666666667,8
15212.0,1,-12.85,-6.425,3
17126.0,2,-12.899999999999999,-6.449999999999999,2
16279.0,1,-12.9,-6.45,2
13983.0,1,-12.969999999999999,-2.594,13
14584.0,1,-13.0,-13.0,4
15467.0,1,-13.0,-13.0,4
13477.0,2,-13.05,-6.525,3
18073.0,1,-13.08,-4.36,10
14690.0,1,-13.090000000000002,-3.2725000000000004,7
15279.0,1,-13.100000000000001,-6.550000000000001,4
13199.0,1,-13.16,-13.16,4
17314.0,3,-13.16,-2.632,12
16878.0,1,-13.3,-4.433333333333334,12
17119.0,1,-13.3,-4.433333333333334,7
12982.0,1,-13.34,-2.223333333333333,10
12878.0,1,-13.35,-6.675,11
17693.0,2,-13.45,-6.725,2
13813.0,1,-13.45,-6.725,2
13871.0,1,-13.450000000000001,-6.7250000000000005,5
14110.0,1,-13.5,-13.5,2
15146.0,1,-13.5,-3.375,14
13611.0,1,-13.6,-6.8,4
18130.0,1,-13.65,-13.65,7
13032.0,1,-13.66,-3.415,8
12987.0,1,-13.7,-6.85,2
18272.0,1,-13.8,-3.45,6
14092.0,3,-13.81,-4.6033333333333335,5
15746.0,1,-13.919999999999998,-13.919999999999998,48
14868.0,1,-13.95,-4.6499999999999995,6
13576.0,2,-14.040000000000001,-3.5100000000000002,6
15304.0,2,-14.100000000000001,-4.7,4
17037.0,1,-14.100000000000001,-7.050000000000001,4
13410.0,2,-14.15,-7.075,5
15027.0,2,-14.2,-7.1,2
15750.0,1,-14.25,-7.125,7
15342.0,1,-14.33,-7.165,7
16134.0,1,-14.399999999999999,-4.8,14
17509.0,3,-14.4,-4.8,4
18204.0,1,-14.4,-7.2,2
13627.0,2,-14.45,-7.225,3
14264.0,1,-14.5,-7.25,4
17663.0,2,-14.64,-3.66,4
14428.0,2,-14.690000000000001,-3.6725000000000003,8
14159.0,3,-14.71,-1.83875,13
12565.0,1,-14.75,-14.75,5
14107.0,1,-14.75,-14.75,5
14456.0,5,-14.77,-2.11,7
15106.0,2,-14.79,-7.395,37
15867.0,1,-14.85,-7.425,2
13826.0,1,-14.85,-7.425,2
16015.0,1,-14.850000000000001,-7.425000000000001,3
14618.0,1,-14.850000000000001,-14.850000000000001,3
18069.0,2,-14.850000000000001,-7.425000000000001,3
14793.0,1,-14.850000000000001,-14.850000000000001,3
16498.0,1,-14.850000000000001,-14.850000000000001,3
15147.0,1,-14.850000000000001,-14.850000000000001,3
12870.0,1,-14.899999999999999,-7.449999999999999,2
15525.0,1,-14.899999999999999,-7.449999999999999,2
14619.0,1,-14.93,-7.465,7
15841.0,2,-14.959999999999999,-4.986666666666666,16
17426.0,1,-15.0,-15.0,12
14507.0,1,-15.0,-7.5,12
15120.0,1,-15.0,-15.0,4
16120.0,1,-15.0,-7.5,12
17562.0,1,-15.0,-15.0,4
16951.0,1,-15.0,-15.0,12
16186.0,1,-15.0,-15.0,12
17682.0,1,-15.0,-15.0,2
14400.0,1,-15.0,-15.0,4
17584.0,1,-15.0,-15.0,12
18241.0,1,-15.0,-15.0,4
14140.0,1,-15.0,-15.0,2
14147.0,1,-15.0,-15.0,12
16909.0,1,-15.0,-15.0,2
12802.0,1,-15.0,-15.0,12
16454.0,1,-15.05,-15.05,1
17463.0,1,-15.05,-3.7625,5
16573.0,2,-15.2,-3.8,6
14233.0,1,-15.209999999999999,-15.209999999999999,9
13936.0,1,-15.299999999999999,-15.299999999999999,6
14133.0,2,-15.3,-7.65,6
17109.0,2,-15.360000000000001,-3.8400000000000003,16
17912.0,1,-15.399999999999999,-7.699999999999999,2
13435.0,2,-15.4,-7.7,4
15238.0,2,-15.45,-7.725,3
16791.0,1,-15.5,-7.75,4
12963.0,1,-15.6,-15.6,8
17180.0,2,-15.649999999999999,-5.216666666666666,3
15033.0,1,-15.65,-5.216666666666667,3
12572.0,1,-15.7,-7.85,2
17302.0,1,-15.7,-7.85,2
17738.0,1,-15.7,-7.85,2
12409.0,4,-15.74,-3.148,8
17593.0,1,-15.78,-7.89,6
17041.0,1,-15.8,-15.8,4
16444.0,1,-15.899999999999999,-7.949999999999999,2
14341.0,1,-15.9,-15.9,2
15996.0,1,-15.9,-15.9,2
14223.0,1,-15.9,-15.9,2
13116.0,1,-15.95,-15.95,1
14245.0,3,-15.97,-3.9925,5
16160.0,2,-15.99,-7.995,9
17449.0,1,-16.0,-8.0,7
16350.0,1,-16.0,-5.333333333333333,3
14732.0,2,-16.15,-8.075,3
15239.0,1,-16.25,-5.416666666666667,3
14905.0,1,-16.25,-16.25,13
16956.0,1,-16.4,-8.2,2
17779.0,2,-16.4,-8.2,3
13610.0,2,-16.45,-8.225,2
16403.0,1,-16.45,-3.29,11
13950.0,1,-16.5,-16.5,2
16719.0,1,-16.5,-8.25,2
17097.0,1,-16.5,-8.25,2
15339.0,1,-16.5,-8.25,2
16781.0,1,-16.599999999999998,-8.299999999999999,2
15643.0,3,-16.6,-5.533333333333334,4
14875.0,3,-16.6,-5.533333333333334,4
13816.0,2,-16.63,-3.3259999999999996,9
15793.0,1,-16.65,-16.65,1
14284.0,1,-16.8,-8.4,4
12628.0,1,-16.85,-8.425,3
17166.0,1,-16.85,-8.425,3
14488.0,1,-16.85,-5.616666666666667,6
12493.0,1,-16.95,-16.95,1
16618.0,1,-16.95,-16.95,1
16763.0,1,-16.95,-16.95,1
12885.0,1,-16.95,-16.95,1
16905.0,1,-16.95,-16.95,1
16759.0,1,-16.95,-16.95,1
17491.0,1,-16.95,-16.95,1
16690.0,1,-16.95,-16.95,1
13814.0,1,-17.0,-17.0,2
12544.0,1,-17.0,-17.0,4
12586.0,1,-17.0,-17.0,2
13106.0,1,-17.0,-17.0,4
14326.0,1,-17.0,-17.0,4
16168.0,1,-17.0,-17.0,4
12863.0,1,-17.0,-17.0,2
18231.0,1,-17.1,-8.55,13
14513.0,1,-17.1,-2.85,6
13198.0,2,-17.15,-5.716666666666666,3
12856.0,2,-17.25,-5.75,3
18178.0,2,-17.4,-8.7,4
15081.0,1,-17.45,-8.725,2
16038.0,1,-17.45,-8.725,3
14777.0,2,-17.45,-5.816666666666666,9
13846.0,1,-17.45,-5.816666666666666,5
15426.0,2,-17.49,-2.18625,11
17211.0,1,-17.55,-8.775,13
13236.0,1,-17.58,-5.859999999999999,5
17573.0,1,-17.700000000000003,-17.700000000000003,6
17951.0,1,-17.700000000000003,-17.700000000000003,6
13615.0,1,-17.700000000000003,-17.700000000000003,6
17727.0,1,-17.700000000000003,-17.700000000000003,6
15241.0,1,-17.85,-17.85,3
14497.0,1,-17.9,-8.95,2
13308.0,1,-17.9,-5.966666666666666,3
13208.0,1,-18.0,-18.0,18
12664.0,1,-18.0,-18.0,1
12403.0,1,-18.0,-18.0,1
12594.0,1,-18.0,-18.0,1
12778.0,1,-18.0,-18.0,1
12600.0,1,-18.0,-18.0,1
13092.0,1,-18.0,-18.0,8
13082.0,1,-18.15,-9.075,11
16253.0,1,-18.240000000000002,-18.240000000000002,96
12710.0,1,-18.45,-9.225,2
14902.0,1,-18.55,-4.6375,9
12697.0,2,-18.57,-9.285,9
14047.0,2,-18.6,-9.3,4
13662.0,4,-18.68,-3.7359999999999998,5
17578.0,1,-18.72,-18.72,48
17169.0,2,-18.9,-3.15,7
15315.0,1,-18.96,-18.96,24
12384.0,1,-19.11,-6.37,5
14443.0,3,-19.32,-3.864,7
13517.0,2,-19.35,-9.675,9
16686.0,2,-19.35,-6.45,5
14620.0,1,-19.5,-4.875,26
13420.0,2,-19.5,-9.75,13
14936.0,1,-19.599999999999998,-9.799999999999999,2
16722.0,3,-19.6,-6.533333333333334,12
14339.0,3,-19.61,-4.9025,18
17636.0,1,-19.630000000000003,-4.907500000000001,6
13157.0,1,-19.65,-9.825,9
13870.0,2,-19.69,-6.5633333333333335,5
13109.0,3,-19.700000000000003,-6.566666666666667,6
16389.0,1,-19.799999999999997,-19.799999999999997,12
15392.0,1,-19.799999999999997,-19.799999999999997,12
12649.0,1,-19.799999999999997,-9.899999999999999,12
12645.0,1,-19.799999999999997,-19.799999999999997,12
17757.0,1,-19.8,-19.8,4
16648.0,1,-19.8,-9.9,12
16869.0,1,-19.8,-19.8,4
16256.0,1,-19.8,-19.8,4
14629.0,1,-19.8,-19.8,4
15088.0,1,-19.8,-6.6000000000000005,3
14258.0,1,-19.9,-19.9,2
16116.0,1,-19.9,-19.9,2
15836.0,1,-19.9,-9.95,2
16309.0,1,-19.9,-9.95,2
17979.0,1,-19.9,-19.9,2
14623.0,1,-19.9,-19.9,2
14119.0,1,-19.9,-19.9,2
13238.0,1,-19.9,-19.9,2
14206.0,1,-19.9,-19.9,2
16164.0,1,-19.95,-19.95,1
12546.0,1,-20.0,-20.0,16
15220.0,1,-20.04,-10.02,16
16768.0,2,-20.05,-5.0125,5
12865.0,1,-20.16,-20.16,48
12395.0,3,-20.35,-6.783333333333334,5
17075.0,1,-20.35,-6.783333333333334,3
14493.0,2,-20.4,-6.8,6
12598.0,1,-20.4,-20.4,24
16302.0,1,-20.4,-20.4,24
17552.0,2,-20.45,-10.225,11
12879.0,1,-20.650000000000002,-10.325000000000001,7
15984.0,1,-20.7,-4.14,10
15179.0,2,-20.75,-10.375,31
17014.0,1,-20.75,-20.75,5
15782.0,1,-20.8,-20.8,1
17068.0,1,-20.8,-20.8,10
14547.0,1,-20.8,-20.8,10
13001.0,2,-20.9,-6.966666666666666,8
18248.0,2,-21.0,-10.5,10
15882.0,1,-21.0,-21.0,10
15240.0,2,-21.0,-4.2,8
15109.0,1,-21.2,-7.066666666666666,4
16794.0,2,-21.2,-10.6,4
15271.0,1,-21.25,-21.25,5
14297.0,2,-21.270000000000003,-10.635000000000002,4
16292.0,1,-21.349999999999998,-10.674999999999999,3
16140.0,2,-21.41,-10.705,3
13692.0,2,-21.45,-10.725,2
16863.0,2,-21.45,-10.725,17
12843.0,1,-21.5,-4.3,28
15671.0,3,-21.64,-7.213333333333334,18
15122.0,3,-21.650000000000002,-4.33,12
15801.0,1,-21.759999999999998,-4.351999999999999,8
16619.0,1,-21.8,-10.9,4
14627.0,1,-21.85,-4.37,5
15589.0,1,-21.95,-21.95,1
14834.0,2,-21.95,-7.316666666666666,3
16493.0,2,-21.97,-3.6616666666666666,51
12951.0,2,-22.0,-11.0,3
13862.0,2,-22.05,-7.3500000000000005,6
16861.0,1,-22.110000000000003,-11.055000000000001,7
15065.0,2,-22.15,-7.383333333333333,28
14907.0,3,-22.25,-7.416666666666667,5
18041.0,1,-22.25,-11.125,9
13659.0,1,-22.35,-5.5875,15
15646.0,1,-22.5,-22.5,6
13908.0,1,-22.5,-5.625,8
18136.0,1,-22.5,-22.5,6
14621.0,1,-22.6,-5.65,6
14019.0,1,-22.65,-11.325,3
18171.0,2,-22.8,-11.4,4
12955.0,3,-22.9,-7.633333333333333,22
13890.0,4,-22.95,-5.7375,5
15729.0,1,-23.0,-23.0,4
13975.0,1,-23.05,-11.525,7
15611.0,2,-23.060000000000002,-11.530000000000001,6
18093.0,1,-23.1,-11.55,11
14535.0,1,-23.1,-7.7,6
15745.0,2,-23.35,-7.783333333333334,9
12633.0,1,-23.35,-11.675,13
16745.0,1,-23.6,-23.6,8
15738.0,3,-23.65,-7.883333333333333,15
13527.0,1,-23.75,-23.75,19
12985.0,1,-23.759999999999998,-11.879999999999999,120
12916.0,1,-23.799999999999997,-11.899999999999999,8
18155.0,1,-23.8,-7.933333333333334,8
16265.0,2,-23.85,-11.925,19
13013.0,2,-23.95,-7.983333333333333,7
17820.0,2,-24.05,-4.8100000000000005,5
14315.0,1,-24.15,-8.049999999999999,11
12818.0,1,-24.2,-12.1,6
12949.0,2,-24.2,-6.05,18
14350.0,1,-24.229999999999997,-8.076666666666666,17
17856.0,2,-24.240000000000002,-12.120000000000001,16
16416.0,1,-24.41,-12.205,17
14738.0,2,-24.509999999999998,-12.254999999999999,25
13769.0,6,-24.64,-3.08,11
15443.0,1,-24.75,-8.25,3
13422.0,1,-24.75,-24.75,5
14191.0,1,-24.75,-6.1875,5
17193.0,2,-24.84,-8.28,16
15953.0,2,-24.849999999999998,-4.97,7
15104.0,1,-24.9,-12.45,2
16484.0,1,-24.900000000000002,-24.900000000000002,6
16560.0,1,-24.900000000000002,-24.900000000000002,6
13447.0,1,-24.910000000000004,-8.303333333333335,7
17091.0,1,-24.95,-8.316666666666666,3
12693.0,2,-24.95,-12.475,5
16240.0,3,-24.990000000000002,-3.5700000000000003,7
14976.0,1,-25.0,-25.0,4
16326.0,1,-25.0,-25.0,20
16955.0,1,-25.0,-25.0,20
14740.0,1,-25.0,-6.25,6
13856.0,2,-25.1,-8.366666666666667,10
17874.0,1,-25.200000000000003,-25.200000000000003,12
14643.0,1,-25.200000000000003,-8.4,60
16770.0,1,-25.200000000000003,-25.200000000000003,12
15785.0,3,-25.22,-6.305,18
14565.0,2,-25.35,-12.675,8
14287.0,1,-25.4,-12.7,25
13715.0,3,-25.4,-8.466666666666667,8
16016.0,2,-25.45,-12.725,2
17364.0,1,-25.45,-8.483333333333333,21
16918.0,1,-25.479999999999997,-12.739999999999998,13
13763.0,2,-25.5,-12.75,3
16379.0,1,-25.5,-25.5,2
15370.0,1,-25.5,-25.5,2
12513.0,1,-25.5,-25.5,6
12895.0,1,-25.5,-12.75,6
16790.0,2,-25.5,-12.75,6
13539.0,1,-25.5,-25.5,6
17897.0,1,-25.5,-25.5,6
12559.0,1,-25.5,-25.5,2
18268.0,1,-25.5,-25.5,2
15777.0,1,-25.5,-25.5,3
17419.0,2,-25.6,-12.8,4
17700.0,2,-25.75,-6.4375,5
15345.0,1,-25.85,-8.616666666666667,3
15110.0,3,-25.85,-5.17,6
13091.0,1,-26.0,-8.666666666666666,16
14849.0,3,-26.259999999999998,-6.5649999999999995,38
14912.0,1,-26.33,-26.33,1
16108.0,1,-26.4,-26.4,16
15955.0,2,-26.45,-13.225,11
16942.0,1,-26.479999999999997,-13.239999999999998,4
16297.0,3,-26.499999999999996,-8.833333333333332,26
13644.0,1,-26.74,-13.37,7
13650.0,1,-27.0,-13.5,4
13497.0,1,-27.0,-27.0,4
15888.0,1,-27.04,-13.52,16
12721.0,1,-27.15,-9.049999999999999,5
12456.0,1,-27.15,-6.7875,17
18177.0,1,-27.25,-27.25,5
12886.0,1,-27.310000000000002,-6.827500000000001,9
15529.0,1,-27.450000000000003,-13.725000000000001,7
17375.0,1,-27.6,-13.8,6
18176.0,1,-27.7,-9.233333333333333,4
15839.0,2,-27.75,-9.25,5
14764.0,1,-27.75,-27.75,15
13481.0,3,-27.75,-9.25,15
15664.0,1,-27.799999999999997,-13.899999999999999,16
15382.0,2,-27.85,-6.9625,9
17469.0,1,-27.91,-13.955,9
16073.0,1,-28.049999999999997,-28.049999999999997,11
16584.0,1,-28.049999999999997,-9.35,11
17719.0,3,-28.240000000000002,-7.0600000000000005,11
15830.0,1,-28.3,-14.15,6
15609.0,1,-28.45,-14.225,3
16278.0,2,-28.55,-14.275,5
13742.0,2,-28.599999999999998,-14.299999999999999,8
13894.0,2,-28.65,-9.549999999999999,15
16892.0,2,-28.7,-14.35,4
15620.0,3,-28.78,-7.195,16
13456.0,1,-28.9,-14.45,9
12997.0,3,-28.95,-3.61875,16
13121.0,1,-29.0,-9.666666666666666,25
15468.0,3,-29.05,-5.8100000000000005,5
14572.0,3,-29.15,-9.716666666666667,3
13577.0,1,-29.3,-14.65,20
18167.0,3,-29.35,-4.891666666666667,23
17096.0,3,-29.45,-7.3625,7
16996.0,3,-29.500000000000004,-7.375000000000001,10
14359.0,3,-29.6,-9.866666666666667,8
13384.0,2,-29.65,-9.883333333333333,7
15625.0,4,-29.7,-7.425,22
12579.0,2,-29.7,-14.85,7
14708.0,1,-29.700000000000003,-29.700000000000003,6
18269.0,1,-29.700000000000003,-29.700000000000003,6
16858.0,1,-29.8,-9.933333333333334,8
16218.0,1,-29.810000000000002,-4.968333333333334,11
15618.0,1,-29.82,-7.455,26
14081.0,2,-29.849999999999998,-9.95,3
13501.0,1,-29.849999999999998,-29.849999999999998,3
17799.0,1,-29.849999999999998,-14.924999999999999,3
16637.0,1,-29.879999999999995,-9.959999999999999,36
17350.0,1,-29.88,-29.88,36
12822.0,1,-29.9,-29.9,2
16061.0,1,-29.95,-29.95,1
16306.0,3,-29.999999999999996,-9.999999999999998,16
17411.0,1,-30.0,-15.0,8
13500.0,1,-30.0,-15.0,24
17629.0,1,-30.0,-30.0,8
15880.0,1,-30.0,-30.0,24
13048.0,1,-30.0,-30.0,8
15260.0,1,-30.0,-30.0,24
15590.0,1,-30.19,-30.19,1
18110.0,1,-30.25,-10.083333333333334,7
13269.0,2,-30.31,-7.5775,5
14226.0,2,-30.55,-5.091666666666667,7
15518.0,5,-30.56,-5.093333333333333,11
17306.0,2,-30.580000000000002,-10.193333333333333,21
14711.0,1,-30.599999999999998,-15.299999999999999,12
16579.0,1,-30.599999999999998,-30.599999999999998,12
17115.0,2,-30.6,-7.65,4
13430.0,2,-30.76,-6.152,13
18193.0,2,-30.8,-15.4,4
14323.0,2,-30.800000000000004,-6.160000000000001,10
15034.0,3,-30.95,-5.158333333333333,11
15249.0,2,-31.1,-3.8875,20
15601.0,3,-31.2,-7.8,5
15484.0,1,-31.2,-31.2,16
17744.0,1,-31.32,-31.32,36
16735.0,2,-31.349999999999998,-10.45,19
18183.0,4,-31.55,-4.507142857142857,9
16818.0,2,-31.599999999999998,-15.799999999999999,2
16262.0,1,-31.65,-10.549999999999999,5
17653.0,1,-31.68,-5.28,8
17338.0,2,-31.75,-7.9375,5
17094.0,1,-31.8,-31.8,4
13021.0,3,-31.98,-10.66,16
13693.0,2,-32.0,-8.0,6
18055.0,1,-32.050000000000004,-10.683333333333335,5
14639.0,2,-32.15,-10.716666666666667,3
17754.0,1,-32.34,-32.34,49
15429.0,1,-32.45,-32.45,11
14157.0,1,-32.45,-32.45,11
12560.0,1,-32.620000000000005,-5.436666666666667,32
15700.0,1,-32.65,-10.883333333333333,29
12662.0,1,-32.699999999999996,-16.349999999999998,18
16550.0,4,-32.72,-3.272,14
14211.0,4,-32.8,-5.466666666666666,10
14309.0,1,-32.85,-5.4750000000000005,14
17837.0,2,-32.85,-10.950000000000001,3
14286.0,2,-32.94,-6.587999999999999,32
16449.0,1,-33.0,-11.0,8
12727.0,2,-33.0,-16.5,13
14769.0,2,-33.15,-8.2875,30
16933.0,3,-33.15,-6.63,7
13853.0,1,-33.2,-33.2,8
17802.0,1,-33.2,-4.742857142857143,9
16602.0,1,-33.35,-11.116666666666667,19
16676.0,1,-33.4,-11.133333333333333,5
16626.0,3,-33.449999999999996,-6.6899999999999995,20
13370.0,1,-33.55,-6.709999999999999,7
12919.0,2,-33.75,-16.875,5
13588.0,4,-33.830000000000005,-5.6383333333333345,33
16810.0,1,-33.9,-33.9,2
14747.0,1,-33.9,-33.9,2
14338.0,2,-34.0,-11.333333333333334,6
16462.0,1,-34.0,-34.0,4
13131.0,1,-34.0,-17.0,4
14256.0,1,-34.0,-34.0,4
15932.0,3,-34.019999999999996,-8.504999999999999,14
15469.0,2,-34.05,-11.35,3
13365.0,1,-34.150000000000006,-8.537500000000001,9
14626.0,3,-34.2,-8.55,16
14356.0,2,-34.29,-6.858,11
15764.0,4,-34.5,-4.3125,14
15708.0,4,-34.519999999999996,-3.835555555555555,9
15493.0,2,-34.55,-17.275,5
13919.0,1,-34.65,-6.93,37
17423.0,2,-34.78,-17.39,38
14048.0,1,-34.8,-11.6,14
12775.0,1,-34.8,-34.8,24
17147.0,2,-34.95,-8.7375,4
13035.0,1,-35.25,-11.75,17
14227.0,5,-35.25,-4.40625,9
12854.0,2,-35.35,-7.07,5
18141.0,1,-35.400000000000006,-35.400000000000006,12
13496.0,1,-35.400000000000006,-35.400000000000006,12
14760.0,1,-35.400000000000006,-17.700000000000003,12
16581.0,1,-35.400000000000006,-17.700000000000003,12
14948.0,1,-35.400000000000006,-35.400000000000006,12
14188.0,4,-35.45,-5.908333333333334,17
13985.0,1,-35.6,-17.8,8
18218.0,2,-35.7,-11.9,38
13396.0,2,-35.7,-8.925,8
14395.0,3,-35.8,-11.933333333333332,4
13110.0,1,-35.8,-35.8,4
18226.0,3,-35.95,-11.983333333333334,7
14141.0,2,-36.1,-6.016666666666667,18
13630.0,4,-36.1,-4.011111111111111,14
13186.0,2,-36.2,-7.24,16
18168.0,3,-36.3,-4.033333333333333,9
17611.0,4,-36.35,-6.058333333333334,8
16094.0,2,-36.4,-9.1,14
13999.0,3,-36.55,-9.1375,12
16700.0,4,-36.55,-9.1375,5
16180.0,2,-36.7,-2.6214285714285714,14
15916.0,2,-36.85,-7.37,5
12719.0,1,-36.85000000000001,-12.283333333333337,13
16401.0,8,-37.08,-3.09,24
12940.0,2,-37.25,-9.3125,5
16496.0,1,-37.3,-18.65,20
17954.0,4,-37.349999999999994,-9.337499999999999,5
17769.0,2,-37.35,-12.450000000000001,5
17724.0,1,-37.35,-7.470000000000001,11
15549.0,1,-37.5,-37.5,10
16782.0,6,-37.65,-5.378571428571428,9
14198.0,3,-37.9,-7.58,10
12517.0,1,-37.949999999999996,-18.974999999999998,23
14961.0,3,-38.1,-7.62,16
14462.0,4,-38.120000000000005,-6.353333333333334,32
15763.0,1,-38.25,-19.125,3
17442.0,4,-38.3,-7.659999999999999,6
16092.0,2,-38.5,-19.25,26
12957.0,4,-38.5,-6.416666666666667,18
15951.0,1,-38.650000000000006,-19.325000000000003,7
12530.0,1,-38.650000000000006,-19.325000000000003,13
16463.0,3,-38.7,-12.9,28
13271.0,1,-39.12,-7.824,72
13026.0,3,-39.21,-13.07,34
16283.0,2,-39.300000000000004,-19.650000000000002,14
17063.0,4,-39.55,-9.8875,7
15023.0,1,-39.6,-39.6,8
14404.0,1,-39.6,-39.6,8
15615.0,4,-39.7,-6.616666666666667,15
13929.0,1,-39.8,-39.8,4
14121.0,2,-39.85,-19.925,4
13066.0,1,-39.9,-39.9,2
15038.0,1,-39.9,-13.299999999999999,30
12829.0,1,-39.95,-39.95,1
17736.0,1,-39.95,-39.95,1
15018.0,1,-39.95,-39.95,1
15768.0,1,-40.0,-40.0,1
12553.0,4,-40.029999999999994,-8.005999999999998,41
17213.0,4,-40.15,-5.735714285714286,9
12678.0,1,-40.2,-20.1,24
16730.0,1,-40.32,-20.16,96
12888.0,2,-40.349999999999994,-20.174999999999997,8
17434.0,2,-40.4,-10.1,8
16592.0,3,-40.4,-6.733333333333333,13
16080.0,1,-40.56,-40.56,24
17313.0,1,-40.71,-10.1775,20
15993.0,3,-40.75,-5.09375,9
14388.0,2,-40.8,-8.16,8
12434.0,2,-40.949999999999996,-10.237499999999999,21
16764.0,5,-41.0,-3.4166666666666665,12
12578.0,2,-41.15,-6.858333333333333,25
12463.0,3,-41.15,-8.23,19
16239.0,1,-41.300000000000004,-20.650000000000002,10
16672.0,3,-41.349999999999994,-13.783333333333331,20
12381.0,1,-41.35,-10.3375,25
15722.0,1,-41.35,-13.783333333333333,5
14702.0,1,-41.5,-41.5,10
12610.0,2,-41.55,-8.309999999999999,21
13171.0,2,-41.6,-20.8,2
17861.0,1,-41.6,-41.6,20
17027.0,1,-41.7,-20.85,6
16201.0,1,-41.95,-10.4875,19
15301.0,2,-42.23,-10.5575,7
17705.0,1,-42.4,-8.48,6
13004.0,4,-42.480000000000004,-8.496,26
16609.0,2,-42.5,-10.625,10
15021.0,4,-42.54,-6.077142857142857,18
14049.0,2,-42.57,-2.5041176470588233,24
16979.0,2,-42.95,-21.475,5
13162.0,1,-43.3,-14.433333333333332,50
13126.0,2,-43.349999999999994,-21.674999999999997,13
17722.0,2,-43.4,-8.68,23
17071.0,5,-43.55,-5.44375,15
13230.0,1,-43.559999999999995,-43.559999999999995,121
14389.0,3,-43.74,-2.5729411764705885,27
17621.0,1,-43.8,-43.8,4
17819.0,1,-43.8,-43.8,4
15434.0,1,-44.0,-11.0,9
18270.0,1,-44.2,-22.1,4
12523.0,2,-44.2,-11.05,4
15329.0,2,-44.2,-8.84,10
15489.0,1,-44.25000000000001,-8.850000000000001,15
13756.0,1,-44.400000000000006,-44.400000000000006,24
14910.0,3,-44.489999999999995,-8.898,17
13369.0,1,-44.53,-8.906,22
17659.0,2,-44.709999999999994,-14.90333333333333,39
16101.0,2,-44.74,-6.3914285714285715,19
13005.0,1,-44.75,-14.916666666666666,5
13043.0,1,-44.849999999999994,-44.849999999999994,3
16217.0,2,-44.86,-11.215,15
14755.0,1,-44.900000000000006,-22.450000000000003,2
15796.0,2,-44.95,-22.475,2
18139.0,2,-45.120000000000005,-15.040000000000001,96
14442.0,3,-45.2,-9.040000000000001,7
17035.0,1,-45.2,-11.3,28
13137.0,1,-45.33,-45.33,1
15755.0,2,-45.37,-5.67125,30
14102.0,3,-45.55,-9.11,23
16653.0,1,-45.74,-6.534285714285715,10
14032.0,7,-45.75,-5.083333333333333,24
15906.0,1,-45.900000000000006,-45.900000000000006,6
12408.0,4,-45.980000000000004,-5.7475000000000005,10
16743.0,1,-46.25,-23.125,37
16499.0,3,-46.35,-15.450000000000001,5
12484.0,2,-46.45,-11.6125,6
17231.0,4,-46.5,-9.3,6
14407.0,3,-46.65,-15.549999999999999,3
16912.0,3,-46.709999999999994,-11.677499999999998,15
12507.0,1,-46.75,-46.75,11
13593.0,1,-46.8,-46.8,24
15555.0,4,-46.97,-1.8065384615384614,29
13268.0,4,-47.050000000000004,-6.721428571428572,23
15811.0,3,-47.3,-7.883333333333333,10
14511.0,1,-47.400000000000006,-15.800000000000002,12
14850.0,1,-47.6,-47.6,8
14794.0,2,-47.8,-23.9,4
18260.0,2,-48.2,-8.033333333333333,9
13468.0,4,-48.22,-12.055,8
17243.0,4,-48.3,-6.8999999999999995,8
13310.0,3,-48.400000000000006,-9.680000000000001,12
13329.0,2,-48.60000000000001,-24.300000000000004,36
13631.0,1,-48.65,-48.65,7
14915.0,1,-48.65,-48.65,7
17994.0,2,-48.8,-16.266666666666666,24
15660.0,3,-48.85,-12.2125,13
13324.0,2,-49.14999999999999,-24.574999999999996,5
13988.0,3,-49.160000000000004,-9.832,19
14195.0,1,-49.3,-49.3,58
15655.0,1,-49.35,-16.45,5
15400.0,1,-49.5,-49.5,30
14403.0,1,-49.5,-8.25,6
13343.0,1,-49.5,-16.5,9
14573.0,4,-49.699999999999996,-8.283333333333333,6
14189.0,9,-49.769999999999996,-4.1475,18
17613.0,3,-49.78,-7.111428571428571,26
12909.0,3,-49.84,-9.968,10
12479.0,2,-49.9,-12.475,34
16042.0,2,-49.9,-12.475,10
13388.0,1,-49.95,-49.95,1
18219.0,1,-50.0,-50.0,2
12717.0,1,-50.0,-50.0,1
18256.0,1,-50.1,-12.525,70
14644.0,2,-50.3,-16.766666666666666,6
14766.0,2,-50.3,-25.15,26
15144.0,1,-50.400000000000006,-50.400000000000006,24
17527.0,2,-50.510000000000005,-25.255000000000003,25
12867.0,3,-50.6,-3.8923076923076922,24
16871.0,1,-50.849999999999994,-25.424999999999997,3
13455.0,2,-50.99,-7.284285714285715,9
13008.0,1,-51.0,-51.0,60
12936.0,1,-51.0,-51.0,20
14460.0,1,-51.0,-51.0,12
16424.0,1,-51.0,-51.0,6
14235.0,1,-51.0,-51.0,12
17044.0,2,-51.05,-12.7625,17
14625.0,3,-51.15,-12.7875,5
12674.0,3,-51.29,-6.41125,31
15128.0,4,-51.46,-5.717777777777778,17
12500.0,2,-51.55,-12.8875,7
12520.0,1,-51.75,-17.25,9
17602.0,2,-52.2,-10.440000000000001,16
13184.0,2,-52.5,-26.25,30
15877.0,1,-52.5,-26.25,125
14292.0,5,-52.6,-6.575,20
14243.0,4,-52.89,-7.555714285714286,17
14829.0,2,-52.9,-17.633333333333333,38
12647.0,1,-52.9,-8.816666666666666,12
13134.0,3,-52.95,-7.564285714285715,15
14745.0,1,-53.1,-53.1,18
14768.0,1,-53.1,-53.1,18
15831.0,1,-54.0,-54.0,8
12705.0,5,-54.050000000000004,-3.860714285714286,24
12679.0,5,-54.35,-6.79375,24
17069.0,4,-54.480000000000004,-4.952727272727273,24
13495.0,1,-54.75,-13.6875,15
12437.0,1,-54.75,-54.75,5
16303.0,1,-54.8,-10.959999999999999,38
15050.0,2,-54.919999999999995,-27.459999999999997,40
17416.0,2,-55.08,-27.54,36
14305.0,2,-55.2,-11.040000000000001,20
13338.0,2,-55.2,-11.040000000000001,9
16553.0,2,-55.25,-27.625,5
15570.0,1,-55.55,-7.935714285714285,9
17612.0,4,-55.69,-7.9557142857142855,21
15694.0,1,-55.800000000000004,-55.800000000000004,12
13971.0,3,-56.040000000000006,-6.2266666666666675,26
12616.0,3,-56.05,-14.0125,11
15154.0,1,-56.15,-8.02142857142857,7
14397.0,4,-56.28,-7.035,38
17813.0,2,-56.28,-8.040000000000001,13
13993.0,3,-56.7,-14.175,8
13320.0,2,-57.0,-14.25,30
12585.0,2,-57.29,-5.729,21
14944.0,2,-57.300000000000004,-28.650000000000002,14
16873.0,4,-57.31,-5.731,15
14239.0,2,-57.35,-14.3375,7
15648.0,2,-57.45,-19.150000000000002,8
16145.0,7,-57.51,-4.423846153846154,51
16656.0,6,-57.56,-8.222857142857142,21
12782.0,1,-57.6,-14.4,16
13488.0,4,-57.7,-11.540000000000001,6
18118.0,5,-58.05,-11.61,5
13159.0,1,-58.10000000000001,-58.10000000000001,14
17651.0,4,-58.330000000000005,-8.332857142857144,12
15706.0,3,-58.75,-14.6875,16
14201.0,2,-59.400000000000006,-29.700000000000003,12
18245.0,1,-59.5,-29.75,7
13451.0,1,-59.699999999999996,-59.699999999999996,6
12569.0,3,-59.7,-19.900000000000002,8
13882.0,1,-59.849999999999994,-59.849999999999994,3
12797.0,2,-59.85,-14.9625,39
16474.0,4,-60.03,-7.50375,25
15950.0,1,-60.25,-12.05,7
14390.0,4,-60.35,-12.07,11
17183.0,2,-60.4,-20.133333333333333,32
12612.0,1,-60.45,-30.225,11
15533.0,2,-60.65,-20.216666666666665,33
14342.0,2,-60.85000000000001,-20.283333333333335,10
14501.0,1,-60.89999999999999,-30.449999999999996,42
15845.0,2,-60.9,-30.45,8
17048.0,3,-61.03,-12.206,11
16076.0,1,-61.199999999999996,-30.599999999999998,72
16245.0,2,-61.300000000000004,-20.433333333333334,6
13954.0,1,-61.33,-12.266,9
17114.0,2,-61.4,-7.675,9
15152.0,3,-61.45,-8.778571428571428,10
13925.0,2,-61.599999999999994,-15.399999999999999,4
12754.0,2,-61.620000000000005,-30.810000000000002,2
16124.0,1,-61.849999999999994,-12.37,7
13136.0,6,-62.23,-5.185833333333333,16
12577.0,1,-62.400000000000006,-62.400000000000006,6
14126.0,1,-62.5,-62.5,50
15296.0,4,-62.55,-10.424999999999999,9
14701.0,3,-63.15,-4.21,23
15881.0,3,-63.15,-21.05,61
15596.0,4,-63.25,-9.035714285714286,13
14560.0,2,-63.59,-31.795,37
14333.0,1,-63.75,-15.9375,6
15532.0,2,-63.849999999999994,-9.12142857142857,13
12413.0,2,-63.95,-31.975,4
12668.0,2,-63.97,-9.138571428571428,39
14109.0,1,-64.0,-12.8,32
17405.0,2,-64.19,-5.349166666666666,21
16898.0,1,-64.35,-64.35,33
17346.0,1,-64.98,-21.66,18
17049.0,2,-65.2,-16.3,7
13246.0,1,-65.2,-32.6,50
15658.0,3,-65.2,-8.15,10
12462.0,2,-65.58,-6.558,22
16928.0,2,-66.1,-16.525,20
14903.0,5,-66.15,-7.3500000000000005,45
12830.0,1,-66.24,-66.24,1
15157.0,2,-66.57,-8.32125,150
17655.0,1,-67.2,-33.6,160
13969.0,2,-67.25,-9.607142857142858,59
15159.0,4,-67.33,-6.733,47
17725.0,3,-67.95,-11.325000000000001,21
17924.0,6,-68.17,-9.73857142857143,19
13350.0,1,-68.4,-22.8,3
12720.0,4,-68.45,-13.690000000000001,18
12656.0,3,-68.45,-17.1125,15
16533.0,2,-68.62,-17.155,98
12637.0,2,-68.65,-17.1625,12
12625.0,1,-69.5,-13.9,35
12989.0,4,-69.6,-17.4,28
16187.0,2,-70.2,-35.1,44
12417.0,3,-70.3,-11.716666666666667,13
14057.0,1,-70.56,-10.08,168
15044.0,5,-70.85,-8.85625,9
12431.0,3,-71.06,-17.765,50
15379.0,1,-71.4,-35.7,12
13209.0,3,-71.45,-8.93125,21
18172.0,5,-71.50999999999999,-8.938749999999999,14
17672.0,2,-71.55,-14.309999999999999,18
12362.0,3,-71.65,-8.95625,17
15291.0,5,-71.79,-11.965000000000002,29
15107.0,2,-71.84,-23.94666666666667,8
12700.0,2,-72.0,-36.0,4
16875.0,4,-72.06,-6.550909090909091,25
12994.0,2,-72.2,-6.016666666666667,19
18257.0,4,-72.25,-14.45,31
17451.0,3,-72.45,-10.35,25
14431.0,1,-72.6,-14.52,8
14040.0,3,-72.72999999999999,-12.121666666666664,30
13118.0,2,-72.81,-24.27,21
18075.0,4,-73.03,-6.63909090909091,27
14659.0,3,-73.4,-12.233333333333334,12
16670.0,6,-73.44,-7.343999999999999,32
13448.0,4,-73.7,-18.425,22
16398.0,2,-74.65,-18.6625,13
14898.0,2,-75.2,-25.066666666666666,12
15874.0,2,-75.21,-4.424117647058823,28
13623.0,2,-75.33999999999999,-15.067999999999998,8
12853.0,3,-75.4,-12.566666666666668,18
15805.0,3,-76.31,-12.718333333333334,50
14088.0,1,-76.32000000000001,-76.32000000000001,72
17317.0,2,-76.32000000000001,-38.160000000000004,72
15535.0,3,-76.5,-25.5,14
15322.0,1,-76.71,-10.958571428571428,51
16897.0,1,-76.75,-10.964285714285714,15
12621.0,3,-77.60000000000001,-11.085714285714287,36
18194.0,1,-77.84,-38.92,184
15561.0,1,-77.85000000000001,-19.462500000000002,11
13709.0,4,-78.94,-7.894,15
12428.0,3,-79.26,-13.21,33
14217.0,7,-79.62,-11.374285714285715,12
12501.0,1,-79.71000000000001,-7.246363636363637,61
14311.0,1,-80.55,-11.507142857142856,21
15563.0,3,-80.75,-20.1875,41
15527.0,2,-80.96000000000001,-26.986666666666668,4
15270.0,2,-81.28999999999999,-11.612857142857141,62
16558.0,4,-81.45,-5.817857142857143,31
15640.0,2,-82.32,-7.483636363636363,35
16027.0,1,-82.5,-82.5,1
17633.0,2,-82.5,-41.25,14
16362.0,4,-82.7,-9.18888888888889,26
16713.0,6,-82.9,-10.3625,12
17139.0,3,-82.9,-9.211111111111112,19
14640.0,2,-82.92999999999999,-11.847142857142856,57
15969.0,1,-83.2,-83.2,4
17337.0,3,-83.55000000000001,-16.71,29
16325.0,2,-83.7,-41.85,30
15737.0,4,-83.91,-9.323333333333332,15
15406.0,2,-84.1,-16.82,18
13282.0,3,-84.3,-28.099999999999998,18
13854.0,4,-84.5,-21.125,18
17696.0,6,-84.66,-7.696363636363636,26
17214.0,1,-85.0,-85.0,1
15257.0,1,-85.0,-85.0,1
14329.0,7,-86.1,-8.61,20
14505.0,3,-86.94,-21.735,16
15344.0,2,-87.36,-14.56,10
13102.0,3,-87.8,-14.633333333333333,44
17315.0,5,-87.80000000000001,-6.271428571428572,32
16639.0,1,-88.13000000000001,-44.065000000000005,7
17528.0,3,-88.4,-12.62857142857143,8
14415.0,5,-88.72,-4.032727272727272,38
16033.0,7,-88.79,-5.919333333333333,23
16705.0,9,-88.86,-6.347142857142857,18
16984.0,3,-88.93,-8.084545454545456,15
13115.0,10,-89.15,-7.429166666666667,33
14056.0,6,-90.25,-4.1022727272727275,41
13426.0,2,-90.62,-45.31,21
13093.0,5,-91.0,-8.272727272727273,18
14546.0,4,-91.07,-5.059444444444444,30
12540.0,2,-91.19999999999999,-30.399999999999995,8
15696.0,4,-92.0,-15.333333333333334,6
15281.0,3,-92.2,-8.381818181818183,18
12722.0,2,-93.3,-23.325,6
18230.0,3,-93.6,-31.2,18
14367.0,3,-93.7,-10.411111111111111,28
15638.0,1,-94.0,-47.0,52
12583.0,3,-94.03999999999999,-23.509999999999998,51
17873.0,1,-94.80000000000001,-47.400000000000006,48
17975.0,1,-95.2,-95.2,16
16841.0,1,-95.2,-95.2,16
15194.0,7,-95.36,-5.96,55
16678.0,5,-96.16,-13.737142857142857,29
12708.0,6,-96.59,-5.681764705882353,37
14229.0,2,-96.6,-32.199999999999996,20
17900.0,2,-97.19999999999999,-19.439999999999998,72
16156.0,4,-97.42,-10.824444444444445,38
15321.0,1,-97.58,-8.870909090909091,18
15351.0,3,-97.97,-12.24625,21
15786.0,2,-98.0,-7.538461538461538,33
14276.0,2,-100.35,-9.122727272727273,21
16360.0,2,-100.84,-11.204444444444444,16
13014.0,6,-100.85,-7.203571428571428,21
15045.0,1,-102.0,-102.0,8
12451.0,1,-102.0,-102.0,120
13829.0,1,-102.0,-102.0,12
13958.0,1,-102.45,-20.490000000000002,23
12731.0,2,-102.5,-34.166666666666664,71
17850.0,1,-102.58,-6.838666666666667,40
15814.0,2,-102.6,-51.3,24
12477.0,3,-102.72999999999999,-12.841249999999999,33
14586.0,2,-103.2,-12.9,208
14800.0,4,-103.4,-14.771428571428572,21
14231.0,2,-103.65,-25.9125,7
14748.0,1,-103.96000000000001,-34.653333333333336,31
17702.0,2,-104.65,-17.441666666666666,33
15985.0,1,-105.0,-105.0,250
16393.0,7,-105.16000000000001,-3.7557142857142862,47
14437.0,1,-106.4,-106.4,1
12494.0,6,-106.75,-15.25,17
15187.0,2,-107.1,-53.55,18
16924.0,1,-107.25,-17.875,13
14180.0,6,-107.75,-13.46875,9
13458.0,8,-108.65,-9.054166666666667,48
17658.0,1,-109.53999999999999,-27.384999999999998,94
12681.0,5,-109.94999999999999,-13.743749999999999,18
13505.0,4,-110.75,-9.229166666666666,25
14525.0,4,-110.83,-15.832857142857142,34
15676.0,2,-111.67,-7.976428571428571,21
17065.0,1,-112.35,-112.35,1
15358.0,7,-112.4,-11.24,123
12779.0,4,-112.66,-11.266,28
15505.0,2,-113.82000000000001,-56.910000000000004,42
14175.0,4,-114.24,-7.616,54
16233.0,2,-114.54999999999998,-38.18333333333333,9
15433.0,1,-115.43,-9.619166666666667,135
16570.0,5,-115.44999999999999,-16.49285714285714,62
17857.0,2,-115.69999999999999,-57.849999999999994,170
17061.0,1,-116.10000000000001,-58.050000000000004,42
15809.0,1,-116.56,-14.57,50
13266.0,7,-116.59,-7.772666666666667,129
13267.0,8,-117.05000000000001,-9.003846153846155,30
13097.0,4,-117.1,-8.364285714285714,22
12427.0,2,-117.42999999999999,-29.357499999999998,297
14895.0,4,-118.44999999999999,-14.806249999999999,28
15215.0,3,-118.95,-14.86875,14
12781.0,3,-119.02,-23.804,79
13735.0,4,-119.06,-9.921666666666667,47
16689.0,1,-119.34,-39.78,162
14502.0,3,-119.65,-17.092857142857145,15
16652.0,4,-119.71000000000001,-23.942,16
15078.0,6,-119.76,-10.887272727272729,36
12704.0,2,-120.0,-60.0,3
17017.0,7,-120.15,-7.509375,60
16523.0,7,-122.8,-15.35,32
16057.0,3,-122.89999999999999,-9.453846153846154,30
13599.0,12,-123.07000000000001,-7.239411764705883,125
16971.0,1,-125.0,-125.0,1
16949.0,1,-125.0,-125.0,1
12613.0,1,-125.4,-12.540000000000001,48
14475.0,3,-126.03,-25.206,19
17422.0,4,-126.24000000000001,-7.013333333333334,58
17644.0,6,-126.66,-10.555,52
12359.0,2,-127.05,-21.175,10
18109.0,5,-127.65,-12.765,18
15039.0,5,-128.0,-21.333333333333332,18
12597.0,1,-128.09,-16.01125,49
17652.0,6,-130.59,-11.871818181818183,30
14071.0,1,-131.41,-14.601111111111111,95
14194.0,11,-132.77,-5.3108,57
15066.0,1,-133.0,-12.090909090909092,38
14051.0,3,-133.05,-26.610000000000003,15
13317.0,3,-133.61,-12.146363636363638,32
15621.0,2,-134.26000000000002,-67.13000000000001,38
14733.0,3,-134.37,-9.597857142857142,39
12406.0,1,-134.55,-44.85,9
14320.0,1,-134.68,-12.243636363636364,86
15728.0,1,-134.8,-33.7,34
13364.0,1,-134.95999999999998,-13.495999999999999,71
13883.0,4,-135.73,-10.44076923076923,68
15005.0,7,-136.08,-3.3190243902439027,43
16571.0,2,-136.47,-7.182631578947368,63
13520.0,2,-136.6,-68.3,7
14533.0,2,-137.10000000000002,-45.70000000000001,1242
15632.0,2,-138.0,-13.8,60
15290.0,3,-139.45,-17.43125,70
14034.0,1,-139.8,-46.6,108
14112.0,5,-140.98000000000002,-10.844615384615386,43
16321.0,2,-142.95,-35.7375,57
16394.0,4,-143.28,-8.428235294117647,287
13085.0,1,-143.7,-20.52857142857143,108
17677.0,13,-144.01,-8.471176470588235,50
13476.0,2,-145.7,-48.56666666666666,3
12841.0,1,-145.95000000000002,-7.681578947368422,74
16150.0,5,-146.95,-7.734210526315789,43
13668.0,8,-147.52,-4.758709677419355,105
18225.0,5,-148.1,-9.873333333333333,38
15834.0,2,-148.85,-49.61666666666667,4
15046.0,1,-149.76,-149.76,144
17716.0,1,-150.2,-16.688888888888886,68
14409.0,1,-151.20000000000002,-151.20000000000002,72
13050.0,11,-152.25,-8.013157894736842,41
17307.0,1,-152.64000000000001,-152.64000000000001,144
18024.0,1,-153.0,-153.0,36
12712.0,4,-154.5,-17.166666666666668,18
13924.0,5,-156.77,-7.838500000000001,43
16817.0,4,-157.8,-17.533333333333335,60
12483.0,5,-157.85,-26.308333333333334,13
15251.0,4,-157.88,-15.788,87
13047.0,8,-158.44,-6.601666666666667,36
17811.0,12,-160.02,-7.62,49
13316.0,1,-162.24,-162.24,1
16729.0,5,-163.64,-20.455,14
17576.0,3,-164.9,-27.483333333333334,40
15861.0,1,-165.0,-165.0,1
14064.0,2,-165.42,-82.71,438
17490.0,4,-165.44,-16.544,113
15864.0,2,-166.54000000000002,-41.635000000000005,148
14441.0,6,-167.75,-20.96875,16
18223.0,13,-169.31,-6.270740740740741,58
17460.0,2,-169.8,-21.225,60
15113.0,1,-169.92000000000002,-169.92000000000002,24
13881.0,2,-170.0,-85.0,56
13725.0,3,-170.75,-12.196428571428571,147
17230.0,3,-171.74,-42.935,98
17377.0,1,-175.0,-175.0,1
16779.0,6,-175.67000000000002,-15.97,89
18274.0,1,-175.92,-15.992727272727272,88
17428.0,5,-178.4,-11.893333333333334,39
13319.0,10,-181.21,-7.550416666666667,38
14796.0,10,-182.98,-7.6241666666666665,83
16316.0,4,-183.35000000000002,-36.67,18
17152.0,1,-186.0,-93.0,40
14304.0,1,-186.35000000000002,-18.635,85
14952.0,4,-186.7,-16.972727272727273,60
15093.0,3,-186.87999999999997,-46.71999999999999,27
14149.0,2,-187.19,-15.599166666666667,89
14866.0,1,-192.45000000000002,-48.112500000000004,183
15827.0,6,-194.61,-10.24263157894737,40
17190.0,1,-195.0,-195.0,1
16554.0,4,-195.54999999999998,-8.888636363636364,91
13078.0,17,-195.66,-8.893636363636363,73
12947.0,5,-196.7,-32.78333333333333,8
13314.0,1,-197.28,-15.175384615384615,76
12921.0,13,-197.35,-9.397619047619047,72
17188.0,2,-198.65,-39.730000000000004,27
17888.0,2,-200.26999999999998,-14.304999999999998,549
13552.0,4,-200.54,-16.711666666666666,31
13941.0,2,-200.55,-100.275,57
15373.0,1,-202.79999999999998,-40.559999999999995,24
13394.0,2,-207.22,-23.024444444444445,177
15973.0,2,-208.04999999999998,-104.02499999999999,19
13523.0,1,-209.5,-41.9,7
17204.0,5,-211.65,-21.165,57
15856.0,4,-213.9,-26.7375,64
15602.0,6,-214.24,-30.60571428571429,140
18133.0,1,-216.0,-216.0,1350
13658.0,2,-217.7,-54.425,10
13094.0,4,-218.46,-36.410000000000004,174
17828.0,5,-220.12,-14.674666666666667,26
13090.0,4,-221.43,-36.905,69
16161.0,7,-222.59,-7.949642857142857,93
12749.0,3,-222.68,-6.95875,49
13811.0,1,-222.75,-222.75,1
13098.0,13,-223.56,-6.774545454545454,57
12666.0,1,-227.44,-113.72,56
13777.0,8,-228.81,-10.400454545454545,93
12626.0,4,-232.13,-17.856153846153845,103
17095.0,3,-235.95999999999998,-78.65333333333332,5
14267.0,4,-237.15,-21.55909090909091,69
15513.0,3,-238.14000000000001,-39.690000000000005,164
15100.0,3,-240.89999999999998,-80.3,22
17548.0,2,-244.78,-20.398333333333333,190
15810.0,3,-246.55,-10.719565217391304,124
18072.0,1,-247.44,-13.746666666666666,242
14205.0,2,-247.92000000000002,-16.528000000000002,105
16701.0,5,-248.03,-24.803,182
16714.0,1,-250.0,-250.0,2
15581.0,1,-250.0,-250.0,1
17504.0,1,-251.75,-19.365384615384617,208
15171.0,1,-254.99999999999997,-127.49999999999999,100
12683.0,5,-255.48,-14.193333333333333,84
13534.0,18,-257.0,-5.586956521739131,85
13672.0,4,-257.85,-25.785000000000004,58
14735.0,2,-258.0,-23.454545454545453,104
14277.0,1,-259.2,-86.39999999999999,360
12474.0,12,-259.32,-7.858181818181818,83
12971.0,3,-259.65,-86.55,86
16191.0,12,-267.20000000000005,-15.717647058823532,148
12476.0,9,-269.84,-8.704516129032257,71
12558.0,1,-269.96,-24.54181818181818,196
17406.0,2,-271.7,-90.56666666666666,3
13767.0,15,-274.65000000000003,-8.85967741935484,64
16859.0,3,-274.67,-13.733500000000001,171
17675.0,10,-276.18,-17.26125,82
13418.0,5,-281.98999999999995,-28.198999999999995,79
12980.0,3,-282.84000000000003,-70.71000000000001,22
16133.0,13,-283.38,-10.899230769230769,150
18087.0,2,-285.59999999999997,-57.11999999999999,336
12567.0,1,-286.34000000000003,-16.843529411764706,216
17671.0,2,-288.63,-36.07875,113
15221.0,1,-289.15,-48.19166666666666,18
16359.0,3,-290.55,-72.6375,29
15838.0,2,-292.32,-146.16,9361
14931.0,1,-293.0,-293.0,1
16252.0,1,-295.09,-14.05190476190476,158
15223.0,1,-300.85,-25.070833333333336,115
15061.0,7,-305.4,-43.628571428571426,330
15473.0,3,-306.0,-102.0,120
13762.0,1,-306.71999999999997,-43.817142857142855,272
15201.0,6,-308.7,-11.025,248
17581.0,6,-308.93,-25.74416666666667,66
16607.0,2,-309.04,-154.52,37
17567.0,2,-318.92,-26.576666666666668,204
12365.0,1,-320.69,-320.69,1
16019.0,1,-336.0,-67.2,84
18198.0,4,-342.5,-48.92857142857143,235
12472.0,6,-342.63,-6.589038461538461,128
14776.0,2,-342.72,-20.16,446
13012.0,3,-350.22,-19.456666666666667,153
15804.0,6,-357.84,-32.53090909090909,52
13148.0,5,-358.64,-12.808571428571428,147
17728.0,2,-360.33,-90.0825,5
17731.0,1,-361.90999999999997,-22.619374999999998,101
13587.0,2,-365.4,-121.8,20
14562.0,4,-365.55,-15.893478260869566,164
17865.0,7,-367.78,-19.356842105263155,59
14842.0,4,-367.89,-28.299230769230768,20
12504.0,2,-368.04999999999995,-61.34166666666666,39
14534.0,7,-371.7,-9.53076923076923,122
13081.0,10,-372.9,-11.299999999999999,139
13225.0,1,-380.8,-190.4,64
13217.0,2,-400.36,-133.45333333333335,148
12753.0,5,-405.38,-12.284242424242423,171
17706.0,5,-407.12000000000006,-31.316923076923082,66
15465.0,6,-409.59999999999997,-58.51428571428571,40
15125.0,8,-411.43,-31.64846153846154,202
16163.0,1,-415.00000000000006,-415.00000000000006,100
15197.0,2,-423.17,-105.7925,16
15189.0,12,-423.25,-21.1625,114
15521.0,5,-425.55,-28.37,162
12619.0,4,-426.43,-85.286,24
15073.0,1,-430.98,-19.59,214
13984.0,1,-432.48,-432.48,408
17107.0,1,-435.0,-145.0,300
12709.0,11,-442.42,-9.028979591836736,104
14606.0,35,-442.8,-5.4,246
12584.0,9,-444.2,-14.806666666666667,62
12457.0,5,-445.45,-89.09,149
16660.0,1,-457.2,-457.2,120
17997.0,4,-459.37,-32.81214285714286,220
17340.0,5,-462.11,-27.18294117647059,65
14113.0,4,-462.5,-77.08333333333333,110
16742.0,1,-464.9,-154.96666666666667,190
12967.0,2,-466.15,-33.29642857142857,195
17838.0,1,-466.6,-29.1625,458
13791.0,1,-468.32,-78.05333333333333,372
15681.0,1,-479.8,-34.27142857142857,260
15622.0,7,-485.03,-16.725172413793103,122
17526.0,4,-489.19999999999993,-122.29999999999998,53
12657.0,1,-491.12,-54.56888888888889,390
15032.0,2,-495.0,-165.0,300
15606.0,2,-497.52,-35.537142857142854,172
12908.0,2,-504.0,-252.0,1200
14688.0,6,-523.49,-16.3590625,399
14410.0,6,-528.77,-5.685698924731183,280
17389.0,9,-533.6,-48.50909090909091,182
14426.0,6,-562.77,-14.06925,360
17368.0,1,-563.15,-33.12647058823529,711
14808.0,7,-565.8,-26.94285714285714,93
17867.0,2,-574.35,-287.175,289
14665.0,2,-577.32,-21.382222222222225,240
16717.0,3,-580.02,-15.676216216216215,298
16923.0,7,-580.78,-24.199166666666667,234
16716.0,1,-581.4,-581.4,76
14145.0,1,-594.0,-594.0,120
13810.0,1,-599.5,-599.5,1
13154.0,1,-611.86,-611.86,1
12783.0,2,-622.04,-311.02,2
13408.0,19,-629.63,-27.375217391304346,113
17841.0,45,-650.79,-4.785220588235294,206
14298.0,1,-664.86,-221.62,322
13802.0,3,-693.15,-115.52499999999999,291
16900.0,2,-699.42,-233.14,110
15674.0,3,-702.5799999999999,-33.45619047619047,200
14543.0,5,-714.16,-20.404571428571426,79
14646.0,3,-717.0,-143.4,772
13069.0,3,-718.3,-15.962222222222222,419
15299.0,4,-719.92,-143.98399999999998,8
16801.0,1,-751.9,-16.70888888888889,186
16684.0,3,-761.48,-190.37,865
17809.0,3,-784.29,-261.43,42
14557.0,1,-788.38,-49.27375,510
14527.0,31,-797.44,-20.44717948717949,40
13798.0,6,-802.43,-8.915888888888889,434
16938.0,1,-833.2500000000001,-833.2500000000001,1515
15823.0,1,-855.76,-53.485,284
16422.0,24,-878.71,-29.290333333333333,1112
16546.0,1,-883.08,-147.18,852
15802.0,2,-902.84,-451.42,2
15498.0,8,-919.94,-83.6309090909091,21
13235.0,1,-929.9,-929.9,1
12352.0,3,-960.63,-96.063,66
15365.0,2,-983.87,-26.591081081081082,326
15298.0,2,-1025.8,-512.9,364
12471.0,19,-1083.1299999999999,-15.255352112676055,247
12473.0,4,-1090.32,-99.11999999999999,76
13564.0,2,-1101.28,-550.64,2
14299.0,9,-1110.27,-58.43526315789474,136
12503.0,1,-1126.0,-1126.0,1
16525.0,3,-1131.88,-66.58117647058825,904
12669.0,1,-1136.3,-1136.3,1
15514.0,2,-1176.2700000000002,-29.406750000000006,369
12415.0,5,-1189.08,-19.178709677419352,428
14213.0,1,-1192.2,-238.44,244
16839.0,5,-1236.57,-38.6428125,505
14146.0,1,-1241.43,-35.46942857142857,551
15311.0,27,-1348.56,-12.040714285714285,474
12901.0,8,-1361.44,-151.2711111111111,2160
13089.0,21,-1439.95,-36.92179487179487,283
13680.0,1,-1520.11,-72.38619047619048,669
17603.0,4,-1560.02,-390.005,105
12607.0,1,-1579.51,-15.63871287128713,1228
15369.0,1,-1592.49,-1592.49,1
17404.0,3,-1606.0,-535.3333333333334,424
12755.0,2,-1608.7499999999998,-804.3749999999999,625
12539.0,1,-1715.85,-1715.85,1
13113.0,16,-1735.96,-21.974177215189872,456
14680.0,7,-1821.77,-29.383387096774193,1002
17940.0,4,-2122.8599999999997,-530.7149999999999,4
13694.0,10,-2386.52,-140.3835294117647,1509
14031.0,4,-2652.22,-331.5275,418
17511.0,15,-2937.0,-25.991150442477878,1537
18102.0,2,-3218.81,-1609.405,2
12454.0,1,-3528.3399999999997,-235.22266666666664,1006
12757.0,6,-3629.4,-604.9,17
16013.0,7,-3764.35,-313.6958333333333,1691
14156.0,11,-3995.4900000000002,-199.77450000000002,860
17448.0,1,-4287.63,-4287.63,1
15769.0,3,-4429.0,-260.52941176470586,2012
15482.0,4,-4486.24,-154.69793103448276,2022
12748.0,14,-4647.63,-101.0354347826087,1538
15502.0,11,-4843.47,-124.19153846153847,413
14607.0,3,-5228.4,-186.72857142857143,3768
17949.0,7,-5759.64,-639.96,2975
17450.0,9,-7068.62,-504.90142857142854,964
14096.0,17,-8043.88,-473.1694117647059,17
12536.0,2,-8495.01,-707.9175,151
12931.0,5,-8593.15,-429.65749999999997,4627
14911.0,47,-11252.44,-49.78955752212389,3335
12744.0,3,-12158.9,-1736.9857142857143,7
15749.0,1,-22998.4,-4599.68,9014
16029.0,13,-30032.23,-938.5071875,8060
15098.0,2,-39267.0,-19633.5,61
12346.0,1,-77183.6,-77183.6,74215
16446.0,1,-168469.6,-168469.6,80995
